/*
SQLyog Enterprise v12.09 (64 bit)
MySQL - 10.1.26-MariaDB : Database - t2p_cloud
*********************************************************************
*/

/*!40101 SET NAMES utf8 */;

/*!40101 SET SQL_MODE=''*/;

/*!40014 SET @OLD_UNIQUE_CHECKS=@@UNIQUE_CHECKS, UNIQUE_CHECKS=0 */;
/*!40014 SET @OLD_FOREIGN_KEY_CHECKS=@@FOREIGN_KEY_CHECKS, FOREIGN_KEY_CHECKS=0 */;
/*!40101 SET @OLD_SQL_MODE=@@SQL_MODE, SQL_MODE='NO_AUTO_VALUE_ON_ZERO' */;
/*!40111 SET @OLD_SQL_NOTES=@@SQL_NOTES, SQL_NOTES=0 */;
CREATE DATABASE /*!32312 IF NOT EXISTS*/`t2p_cloud` /*!40100 DEFAULT CHARACTER SET utf8 */;

USE `t2p_cloud`;

/*Data for the table `news` */

insert  into `news`(`id`,`type_id`,`user_id`,`content`,`create_date`,`last_modified`,`title`) values (0,1,21,'<p><a href=\"https://cdn.tuoitre.vn/thumb_w/640/2018/3/18/matuy-1521348478952685032686.jpg\" target=\"_blank\"><img alt=\"Phát hiện 19 đối tượng phê ma túy trong quán karaoke - Ảnh 1.\" src=\"https://cdn.tuoitre.vn/thumb_w/640/2018/3/18/matuy-1521348478952685032686.jpg\" /></a></p>\r\n\r\n<p>C&aacute;c đối tượng dương t&iacute;nh với chất ma t&uacute;y vừa bị cơ quan chức năng ph&aacute;t hiện - Ảnh: B.A.</p>\r\n\r\n<p>Ng&agrave;y 18-3, C&ocirc;ng an TP Bi&ecirc;n H&ograve;a (Đồng Nai) cho biết đang lập hồ sơ xử l&yacute; 19 đối tượng &quot;ph&ecirc;&quot; ma t&uacute;y trong qu&aacute;n karaoke tr&ecirc;n địa b&agrave;n.</p>\r\n\r\n<p>Th&ocirc;ng tin ban đầu, khoảng 5h20 c&ugrave;ng ng&agrave;y, Đội Cảnh s&aacute;t điều tra về tội phạm ma t&uacute;y (C&ocirc;ng an TP Bi&ecirc;n H&ograve;a) chia hai mũi bất ngờ ập v&agrave;o kiểm tra hai qu&aacute;n karaoke Kim Tiền (129C Nguyễn &Aacute;i Quốc, KP 1, phường Trảng D&agrave;i) v&agrave; Ho&agrave;ng T&acirc;n H&ograve;a (R127-128 V&otilde; Thị S&aacute;u, KP 7, phường Thống Nhất) ph&aacute;t hiện nhiều đối tượng c&oacute; biểu hiện sử dụng ma t&uacute;y trong c&aacute;c ph&ograve;ng h&aacute;t.&nbsp;</p>\r\n\r\n<p>Lực lượng chức năng đ&atilde; thu giữ một số tang vật sử dụng để chơi ma t&uacute;y v&agrave; đưa to&agrave;n bộ đối tượng về trụ sở để l&agrave;m việc.</p>\r\n\r\n<p>Tại đồn c&ocirc;ng an, lực lượng chức năng x&aacute;c định c&oacute; 19 đối tượng dương t&iacute;nh với chất ma t&uacute;y. Ngo&agrave;i ra, c&ocirc;ng an cũng đưa 3 nh&acirc;n vi&ecirc;n hai qu&aacute;n karaoke về trụ sở để điều tra, l&agrave;m r&otilde;.</p>\r\n\r\n<p>Qua l&agrave;m việc, c&ocirc;ng an x&aacute;c định trước đ&oacute; c&aacute;c đối tượng tr&ecirc;n chơi ở c&aacute;c qu&aacute;n bar tr&ecirc;n địa b&agrave;n. Khi qu&aacute;n bar đ&oacute;ng cửa, nh&oacute;m n&agrave;y v&agrave;o hai qu&aacute;n karaoke thu&ecirc; ph&ograve;ng h&aacute;t để chơi ma t&uacute;y.</p>\r\n\r\n<p>Trong th&aacute;ng 1 v&agrave; th&aacute;ng 2-2018, C&ocirc;ng an TP Bi&ecirc;n H&ograve;a nhiều lần kiểm tra c&aacute;c qu&aacute;n bar, karaoke tr&ecirc;n địa b&agrave;n, ph&aacute;t hiện h&agrave;ng trăm thanh ni&ecirc;n sử dụng ma t&uacute;y, xử phạt h&agrave;nh ch&iacute;nh h&agrave;ng chục đối tượng li&ecirc;n quan.</p>\r\n','2018-03-28 19:27:07','2018-03-21 19:27:12','Phát hiện 19 đối tượng \'phê\' ma túy trong quán karaoke'),(1,1,13,'<p><a href=\"https://cdn.tuoitre.vn/thumb_w/640/2018/3/18/dsc04489-1-1521368123780937908684.jpg\" target=\"_blank\"><img alt=\"114 khách kẹt ở Côn Đảo do bị hủy chuyến bay đã về đất liền - Ảnh 1.\" src=\"https://cdn.tuoitre.vn/thumb_w/640/2018/3/18/dsc04489-1-1521368123780937908684.jpg\" /></a></p>\r\n\r\n<p>Vasco tăng cường th&ecirc;m 2 chuyến bay, giải toả 114 kh&aacute;ch &quot;mắc kẹt&quot; ở C&ocirc;n Đảo v&agrave;o s&aacute;ng 18-3 - Ảnh: Q.AN</p>\r\n\r\n<p>Trao đổi với&nbsp;<em>Tuổi Trẻ&nbsp;Online,&nbsp;</em>đại diện Vasco cho biết h&atilde;ng đ&atilde; tăng cường th&ecirc;m 2 chuyến bay v&agrave;o s&aacute;ng sớm 18-3 để giải toả kh&aacute;ch bị mắc kẹt tại C&ocirc;n Đảo.</p>\r\n\r\n<p>Cũng theo đại diện&nbsp;Vasco, c&aacute;c chuyến bay bị huỷ trước đ&oacute; ở c&aacute;c chặng TP.HCM - Cần Thơ - C&ocirc;n Đảo đ&atilde; được hoạt động trở lại b&igrave;nh thường.</p>\r\n\r\n<p>Theo vị n&agrave;y, do cuối tuần l&agrave; giai đoạn cao điểm, lượng kh&aacute;ch đ&atilde; vượt qu&aacute; số lượng ph&ograve;ng kh&aacute;ch sạn cho ph&eacute;p ở C&ocirc;n Đảo.&nbsp;</p>\r\n\r\n<p>Tuy nhi&ecirc;n, h&atilde;ng đ&atilde; phối hợp với ch&iacute;nh quyền đại phương ở C&ocirc;n Đảo, Cảng vụ v&agrave; Cảng h&agrave;ng kh&ocirc;ng C&ocirc;n Đảo hỗ trợ kịp thời chỗ nghỉ ngơi, ăn uống cho kh&aacute;ch.&nbsp;</p>\r\n\r\n<p>B&ecirc;n cạnh đ&oacute;, Vasco đ&atilde; th&ocirc;ng b&aacute;o v&agrave; thực hiện đền b&ugrave; cho h&agrave;nh kh&aacute;ch bị ảnh hưởng bởi c&aacute;c chuyến bay tr&ecirc;n theo quy định v&agrave; hỗ trợ ho&agrave;n v&eacute; khi kh&aacute;ch c&oacute; y&ecirc;u cầu.</p>\r\n\r\n<p>Hiện Vasco đang khai th&aacute;c 8 m&aacute;y bay ATR-72 ở c&aacute;c đường bay ngắn nội địa như TP.HCM - C&agrave; Mau, Rạch Gi&aacute;, C&ocirc;n Đảo; Cần Thơ - Ph&uacute; Quốc; H&agrave; Nội - Điện Bi&ecirc;n, Vinh, Đồng Hới.</p>\r\n\r\n<p>C&aacute;c chặng bay đến v&agrave; đi C&ocirc;n Đảo đến nay vẫn mới chỉ c&oacute;&nbsp;VASCO khai th&aacute;c với đội t&agrave;u l&agrave; m&aacute;y bay&nbsp;ATR-72.</p>\r\n','2018-03-14 12:20:48','2018-03-21 12:20:51','Thả diều trong nội ô, chính quyền đâu sao không nhắc nhở?'),(2,1,13,'<p>Ngay từ s&aacute;ng sớm, đo&agrave;n người đ&atilde; xếp th&agrave;nh h&agrave;ng d&agrave;i chờ viếng cố Thủ tướng Phan Văn Khải.&nbsp;</p>\r\n\r\n<p>Những người c&oacute; mặt đầu ti&ecirc;n ngo&agrave;i họ h&agrave;ng, l&agrave; c&aacute;c gia đ&igrave;nh nguy&ecirc;n Chủ tịch nước Trương Tấn Sang, nguy&ecirc;n Thường trực Ban b&iacute; thư L&ecirc; Hồng Anh, Trưởng ban Tuy&ecirc;n gi&aacute;o Trung ương V&otilde; Văn Thưởng...</p>\r\n\r\n<p>Trong đo&agrave;n người xếp h&agrave;ng d&agrave;i tới viếng, c&oacute; nhiều người từng l&agrave;m việc, gặp gỡ &ocirc;ng S&aacute;u Khải thời gian d&agrave;i.&nbsp;Trong l&ograve;ng họ, m&atilde;i m&atilde;i c&ograve;n h&igrave;nh ảnh một người em, người ch&uacute;, người anh, người b&aacute;c giản dị th&acirc;n thương.</p>\r\n\r\n<p>Trong k&yacute; ức của b&agrave; Ba L&egrave;o, người chị họ gần nh&agrave;, ch&uacute; S&aacute;u l&agrave; &quot;&ocirc;ng gi&agrave; Củ Chi thứ thiệt&quot;, &aacute;o thun n&oacute;n l&aacute; đi quanh l&agrave;ng x&oacute;m, thăm người n&agrave;y, hỏi người kia.</p>\r\n\r\n<p>Với &ocirc;ng Trần Hồng, phụ tr&aacute;ch thư viện quận 6, th&igrave; ch&uacute; S&aacute;u Khải l&agrave; người gần gũi v&agrave; t&acirc;m huyết với việc giữ g&igrave;n v&agrave; đọc s&aacute;ch.</p>\r\n\r\n<p><a href=\"https://cdn.tuoitre.vn/thumb_w/700/2018/3/18/logo-dsc7479-15213615079822056414450.jpg\" target=\"_blank\"><img alt=\"Ông Sáu Khải gần gũi, thân thương trong lòng người ở lại - Ảnh 2.\" src=\"https://cdn.tuoitre.vn/thumb_w/700/2018/3/18/logo-dsc7479-15213615079822056414450.jpg\" /></a></p>\r\n\r\n<p>D&ograve;ng người v&agrave;o viếng cố Thủ tướng Phan Văn Khải s&aacute;ng 18-3 - ẢNH: QUANG ĐỊNH</p>\r\n\r\n<p><a href=\"https://cdn.tuoitre.vn/thumb_w/700/2018/3/18/logo-dsc7478-15213615068582008240334.jpg\" target=\"_blank\"><img alt=\"Ông Sáu Khải gần gũi, thân thương trong lòng người ở lại - Ảnh 3.\" src=\"https://cdn.tuoitre.vn/thumb_w/700/2018/3/18/logo-dsc7478-15213615068582008240334.jpg\" /></a></p>\r\n\r\n<p>&Ocirc;ng V&otilde; Văn Thưởng - ủy vi&ecirc;n Bộ Ch&iacute;nh trị, b&iacute; thư trung ương Đảng, trưởng Ban Tuy&ecirc;n gi&aacute;o trung ương - đến viếng cố Thủ tướng Phan Văn Khải s&aacute;ng 18-3 - Ảnh: QUANG ĐỊNH</p>\r\n\r\n<p><a href=\"https://cdn.tuoitre.vn/thumb_w/700/2018/3/18/phanvankhailetangcuchi02-15213631480751420446695.jpg\" target=\"_blank\"><img alt=\"Ông Sáu Khải gần gũi, thân thương trong lòng người ở lại - Ảnh 4.\" src=\"https://cdn.tuoitre.vn/thumb_w/700/2018/3/18/phanvankhailetangcuchi02-15213631480751420446695.jpg\" /></a></p>\r\n\r\n<p>Đo&agrave;n b&aacute;o Tuổi Trẻ viếng cố Thủ tướng Phan Văn Khải s&aacute;ng 18-3 - Ảnh: NGUYỄN C&Ocirc;NG TH&Agrave;NH</p>\r\n\r\n<p><a href=\"https://cdn.tuoitre.vn/thumb_w/700/2018/3/18/logo-20180318092852-1521361507425958463009.jpg\" target=\"_blank\"><img alt=\"Ông Sáu Khải gần gũi, thân thương trong lòng người ở lại - Ảnh 5.\" src=\"https://cdn.tuoitre.vn/thumb_w/700/2018/3/18/logo-20180318092852-1521361507425958463009.jpg\" /></a></p>\r\n\r\n<p>&Ocirc;ng L&ecirc; Hồng Anh - nguy&ecirc;n Thường trực Ban b&iacute; thư - tới viếng v&agrave; ghi sổ tang - Ảnh: MAI HOA</p>\r\n\r\n<p>Từ năm 2012, thư viện quận 6 c&ugrave;ng thư viện Củ Chi được &ocirc;ng S&aacute;u Khải nhờ x&acirc;y dựng một thư viện ngay trong khu&ocirc;n vi&ecirc;n gia đ&igrave;nh.</p>\r\n\r\n<p>&Ocirc;ng Hồng cho biết thư viện c&oacute; khoảng 4.200 - 4.300 đầu s&aacute;ch, được sắp xếp theo c&aacute;c thư mục khoa học để dễ t&igrave;m kiếm. Trong đ&oacute; c&oacute; khoảng 500 s&aacute;ch qu&yacute; hiếm, c&oacute; những cuốn kh&ocirc;ng thể t&igrave;m mua ở đ&acirc;u được nữa.&nbsp;</p>\r\n\r\n<p>C&oacute; nhiều cuốn do c&aacute;c nguy&ecirc;n thủ quốc gia tặng khi &ocirc;ng S&aacute;u Khải đi thăm c&aacute;c nước cũng được lưu giữ tại đ&acirc;y.</p>\r\n\r\n<p>&quot;Ng&agrave;y đầu tới gi&uacute;p ch&uacute; x&acirc;y dựng thư viện, ch&uacute;ng t&ocirc;i cũng e d&egrave;, nhưng c&aacute;ch ch&uacute; n&oacute;i chuyện rất gần gũi. Ch&uacute; khen thư viện cấp huyện m&agrave; ứng dụng c&ocirc;ng nghệ tốt&quot;, &ocirc;ng Hồng kể.</p>\r\n\r\n<p>Từ huyện Ph&uacute;c Thọ (H&agrave; Nội), c&oacute; đo&agrave;n c&aacute;n bộ v&agrave; người d&acirc;n tới viếng tang &ocirc;ng Phan Văn Khải.</p>\r\n\r\n<p>&Ocirc;ng Nguyễn Việt Li&ecirc;n - ph&oacute; chủ tịch UBND huyện Ph&uacute;c Thọ - kể: &quot;Mẹ t&ocirc;i giờ 85 tuổi, vẫn nhắc &quot;anh Khải&quot;.</p>\r\n\r\n<p>&quot;Những năm 1954-1959, b&aacute;c Khải về Ph&uacute;c Thọ c&ocirc;ng t&aacute;c, l&agrave;m trưởng ban cải c&aacute;ch.&nbsp;B&aacute;c l&agrave;m c&oacute; l&yacute; c&oacute; t&igrave;nh, người phải trả lại ruộng cũng tự nguyện vui vẻ. Những năm sau n&agrave;y, khi đ&atilde; l&agrave; nguy&ecirc;n thủ quốc gia, b&aacute;c vẫn về thăm v&agrave; coi Ph&uacute;c Thọ như qu&ecirc; hương thứ hai của m&igrave;nh. Người l&agrave;ng t&ocirc;i b&acirc;y giờ vẫn c&ograve;n nhắc m&atilde;i về b&aacute;c&quot;, &ocirc;ng Li&ecirc;n kể.</p>\r\n\r\n<p>Ở x&atilde; V&otilde;ng Xuy&ecirc;n, huyện Ph&uacute;c Thọ, &ocirc;ng S&aacute;u Khải c&oacute; một người mẹ nu&ocirc;i l&agrave; cụ Xu. Cụ đ&atilde; mất, gia đ&igrave;nh cụ hay tin &ocirc;ng Khải mất cũng gửi v&ograve;ng hoa viếng.</p>\r\n\r\n<p><a href=\"https://cdn.tuoitre.vn/thumb_w/700/2018/3/18/logo-20180318103231-15213615085321639989600.jpg\" target=\"_blank\"><img alt=\"Ông Sáu Khải gần gũi, thân thương trong lòng người ở lại - Ảnh 6.\" src=\"https://cdn.tuoitre.vn/thumb_w/700/2018/3/18/logo-20180318103231-15213615085321639989600.jpg\" /></a></p>\r\n\r\n<p>B&agrave; Nguyễn Thị Nguyệt, 80 tuổi, đi xe bu&yacute;t từ quận 1 l&ecirc;n Củ Chi từ s&aacute;ng sớm, mang theo cuốn album c&oacute; nhiều h&igrave;nh ảnh cũ về &ocirc;ng Phan Văn Khải - Ảnh: MAI HOA</p>\r\n\r\n<p>Đi xe bu&yacute;t từ quận 1 tới Củ Chi từ 9h s&aacute;ng, b&agrave; Nguyễn Thị Nguyệt (80 tuổi) lần giở cuốn album cũ mang theo, trong đ&oacute; c&oacute; những tấm h&igrave;nh b&agrave; chụp chung với &ocirc;ng S&aacute;u Khải c&aacute;ch đ&acirc;y mấy chục năm.</p>\r\n\r\n<p>B&agrave; từng c&oacute; thời gian học chung với &ocirc;ng Phan Văn Khải ở Trường bổ t&uacute;c C&ocirc;ng n&ocirc;ng trước khi c&ugrave;ng sang Li&ecirc;n X&ocirc; học.</p>\r\n\r\n<p>&quot;Ảnh rất giỏi. L&agrave; d&acirc;n kinh tế n&ecirc;n những kiến thức văn học, x&atilde; hội của ảnh ban đầu chưa nhiều, nhưng ở trường bổ t&uacute;c, anh nổi tiếng giỏi, một năm học hai ba lớp&quot;, b&agrave; Nguyệt nhớ lại.</p>\r\n\r\n<p>Trong hồi ức của b&agrave;, &ocirc;ng S&aacute;u Khải l&agrave; người anh hiền l&agrave;nh, l&agrave;m việc g&igrave; cũng thận trọng, lại rất gần gũi. Khi họp mặt học sinh miền Nam năm 1999, b&agrave; th&acirc;n thiết đứng b&ecirc;n đặt tay l&ecirc;n vai &ocirc;ng đang ngồi, cậu chụp h&igrave;nh kh&ocirc;ng chịu nhưng &ocirc;ng cười hiền, cho ph&eacute;p.</p>\r\n\r\n<p>Chiều 18-3, dưới c&aacute;i nắng gắt Củ Chi, nhiều người d&acirc;n đ&atilde; tới thắp nhang viếng cố Thủ tướng Phan Văn Khải v&igrave; &#39;mến mộ b&aacute;c từ l&acirc;u&#39;.</p>\r\n\r\n<p>Đ&oacute; l&agrave; gia đ&igrave;nh anh Nguyễn Đức Th&agrave;nh (Q.T&acirc;n B&igrave;nh). Trưa nắng, nghĩ giờ n&agrave;y thưa người tới viếng n&ecirc;n anh lấy xe đưa cả gia đ&igrave;nh 5 người l&ecirc;n Củ Chi viếng. L&uacute;c chưa đi, cả nh&agrave; cứ nghĩ kh&ocirc;ng biết người ta c&oacute; cho v&agrave;o kh&ocirc;ng. Tới nơi, thắp nhang xong rồi, bước ra m&agrave; ai nấy c&ograve;n hồi hộp x&uacute;c động.</p>\r\n\r\n<p>C&ograve;n chị Phạm Thị Ngọc Hằng (45 tuổi) th&igrave; chia sẻ chị biết tới b&aacute;c S&aacute;u Khải từ khi b&aacute;c l&ecirc;n l&agrave;m Thủ tướng. Từ đ&oacute; chị lu&ocirc;n theo d&otilde;i tin tức về b&aacute;c v&agrave; đem l&ograve;ng y&ecirc;u mến con người nh&acirc;n hậu, t&agrave;i năng.</p>\r\n\r\n<p>Chị Hằng c&oacute; đ&ocirc;i ch&acirc;n kh&ocirc;ng được l&agrave;nh lặn, đi lại rất kh&oacute; khăn, phải vịn v&agrave;o tay em g&aacute;i. Nhưng chị bảo: &quot;Gi&aacute; n&agrave;o cũng phải l&ecirc;n thắp nhang cho b&aacute;c!&quot;.</p>\r\n\r\n<p>Trong buổi chiều, nhiều gia đ&igrave;nh từ H&oacute;c M&ocirc;n, T&acirc;n B&igrave;nh&hellip; tiếp tục tới viếng &ocirc;ng S&aacute;u Khải.</p>\r\n','2018-03-13 15:38:43','2018-03-21 15:38:39','Ông Sáu Khải gần gũi, thân thương trong lòng người ở lại');

/*Data for the table `password_reset_token` */

insert  into `password_reset_token`(`id`,`expiry_date`,`token`,`user_id`) values (19,'2018-03-17 22:11:55','3eed05a7-6ab3-4f64-9ccc-936e8366f359',13),(23,'2018-03-17 21:40:28','65edc23a-34d0-4d8f-b640-4770fb86c495',41);

/*Data for the table `privilege` */

insert  into `privilege`(`id`,`name`) values (1,'READ_INFO'),(2,'WRITE_INFO'),(3,'CHANGE_OWN_PASSWORD'),(4,'CHANGE_OTHER_PASSWORD'),(5,'READ_TOPIC'),(6,'WRITE_TOPIC'),(7,'WRITE_PAGE');

/*Data for the table `role` */

insert  into `role`(`id`,`name`) values (1,'ADMIN'),(2,'STAFF'),(3,'GUEST');

/*Data for the table `roles_privileges` */

insert  into `roles_privileges`(`role_id`,`privilege_id`) values (1,2),(1,3),(1,4),(2,1),(2,3),(1,1),(1,5),(1,6),(1,7),(2,1),(3,1);

/*Data for the table `types` */

insert  into `types`(`type_id`,`type_name`) values (1,'Call paper'),(2,'Submission'),(3,'Registration'),(4,'Keynote Speaker'),(5,'Hotel'),(8,'Program');

/*Data for the table `user` */

insert  into `user`(`id`,`email`,`enabled`,`first_name`,`last_name`,`password`) values (13,'97lynk@gmail.com','','Tuấn','Nguyễn','$2a$10$L8la3zsOtdp8s3hdNlC8n.mXp3qv2ebUe2TjEVEu4tWzKeXui6oju'),(21,'momtuan2014@gmail.com','','Tuan','Nguyen','$2a$10$jRV4zxd4bE/DFxOVhf0VB.ribLtB8tcCsZKYIMvOlta3lR8RgBan.'),(41,'15110144@student.hcmute.edu.vn','','Tuấn','Nguyễn','$2a$10$rYZYskiLZjwgyMiPptLcTuRQE8f0ckriG1U46JVDkaWKqmL3NfhIu');

/*Data for the table `users_roles` */

insert  into `users_roles`(`user_id`,`role_id`) values (41,1),(13,2),(21,2);

/*Data for the table `verification_token` */

insert  into `verification_token`(`id`,`expiry_date`,`token`,`user_id`) values (20,'2018-03-17 21:39:52','e9d8f287-0200-450e-ba76-9b05c6e33098',41),(22,'2018-03-17 20:07:53','52f93c43-78d7-4e09-a38e-9af9e57645a7',21);

/*!40101 SET SQL_MODE=@OLD_SQL_MODE */;
/*!40014 SET FOREIGN_KEY_CHECKS=@OLD_FOREIGN_KEY_CHECKS */;
/*!40014 SET UNIQUE_CHECKS=@OLD_UNIQUE_CHECKS */;
/*!40111 SET SQL_NOTES=@OLD_SQL_NOTES */;
